{"cameraMode":{"drawMode":0,"name":"Shaded","section":"Shading Mode"},"sceneLighting":false,"audioPlay":false,"sceneViewState":{"showFog":true,"showMaterialUpdate":false,"showSkybox":false,"showFlares":true,"showImageEffects":true,"showParticleSystems":true},"in2DMode":false,"pivot":{"x":0.26629638671875,"y":0.03735673427581787,"z":-0.8653910160064697},"rotation":{"x":-0.010056469589471817,"y":0.9895039200782776,"z":-0.11569951474666596,"w":-0.0860091969370842},"size":3.557527542114258,"orthographic":false}