{"cameraMode":{"drawMode":0,"name":"Shaded","section":"Shading Mode"},"sceneLighting":true,"audioPlay":false,"sceneViewState":{"showFog":true,"showMaterialUpdate":false,"showSkybox":true,"showFlares":true,"showImageEffects":true,"showParticleSystems":true},"in2DMode":false,"pivot":{"x":85.15098571777344,"y":1.5274533033370972,"z":16.169851303100587},"rotation":{"x":-0.12622691690921784,"y":0.8346070647239685,"z":-0.21435466408729554,"w":-0.4914853870868683},"size":3.205242395401001,"orthographic":false}