{"cameraMode":{"drawMode":0,"name":"Shaded","section":"Shading Mode"},"sceneLighting":true,"audioPlay":false,"sceneViewState":{"showFog":true,"showMaterialUpdate":false,"showSkybox":true,"showFlares":true,"showImageEffects":true,"showParticleSystems":true},"in2DMode":false,"pivot":{"x":212.86155700683595,"y":18.205245971679689,"z":57.6939697265625},"rotation":{"x":-0.17205487191677094,"y":-0.07322580367326737,"z":0.012820320203900338,"w":-0.9822881817817688},"size":341.4329528808594,"orthographic":false}