{"cameraMode":{"drawMode":0,"name":"Shaded","section":"Shading Mode"},"sceneLighting":false,"audioPlay":false,"sceneViewState":{"showFog":true,"showMaterialUpdate":false,"showSkybox":false,"showFlares":true,"showImageEffects":true,"showParticleSystems":true},"in2DMode":false,"pivot":{"x":1.5799999237060547,"y":1.6527190208435059,"z":0.9100000262260437},"rotation":{"x":0.15749377012252809,"y":0.0547771081328392,"z":-0.008749882690608502,"w":0.9859611392021179},"size":6.929347991943359,"orthographic":true}